Item Type,total_sales_amount
Baby Food,4.185420148000002E7
Cereal,3.435068391E7
Meat,2.3332738000000007E7
Household,6.1484504160000004E7
Vegetables,2.9751653879999988E7
Beverages,7906812.300000001
Office Supplies,5.61158525E7
Cosmetics,7.408113863999997E7
Personal Care,1.1921643439999992E7
Fruits,855851.2499999998
Snacks,2.1788240160000008E7
Clothes,2.7759291839999996E7
